owner,repo,loc,comment_lines,stars,forks,watchers,releases,age_years
huyi77/-,201206030_novel,10878,3658,0,0,0,0,3
994248897/practice_04,527515025_springBoot,12670,2335,0,0,0,0,6
richardjoin/git-github.com-201206030-novel-plus,201206030_novel-plus,30561,5451,0,0,0,0,5
cngeeker/inspeckageAdd,ac-pm_Inspeckage,6779,357,2,1,2,0,6
shiosefine/YalpStoreWithSAI,Aefyr_SAI,18906,832,7,2,7,1,7
onlyeat3/weekend,abel533_Mapper,33494,11614,13,10,13,0,9
airbnb/lottie-web,airbnb_lottie-android,23953,4073,31795,2928,31795,0,11
YangCheung/flutter-ARoute,alibaba_ARouter,5352,1468,2,0,2,0,7
navi25/Nachos,airbnb_epoxy,79369,13206,13,4,13,0,8
AdaptiveConsulting/aeron-io-samples,aeron-io_aeron,240326,53538,48,23,48,5,3
dotnetcore/CanalSharp,alibaba_canal,109646,19874,595,97,595,5,8
alibaba/arthas,alibaba_arthas,86122,15642,37228,7638,37228,30,8
tobenum/github.com-alibaba-dexposed,alibaba_dexposed,3141,936,0,0,0,0,11
tupunco/Tup.Cobar4Net,alibaba_cobar,91537,22033,12,9,12,0,11
maguangzu/Parking-Management-System,981011512_--,278433,40808,85,20,85,0,5
shiyindaxiaojie/eden-demo-cola,alibaba_COLA,17011,3072,413,79,413,0,4
smarthane/smartframework-android-atlas,alibaba_atlas,283423,141768,9,0,9,0,9
pengbo518/easy-excel,alibaba_easyexcel,37738,10132,3,7,3,0,7
Jawf/DataX-Migration,alibaba_DataX,87094,10009,102,43,102,0,10
swesmith/alibaba__jvm-sandbox.c01c28ab,alibaba_jvm-sandbox,22828,6052,0,0,0,0,0
Activiti/Activiti,Activiti_Activiti,295711,71615,10524,6943,10524,30,14
alibaba/spring-cloud-alibaba,alibaba_spring-cloud-alibaba,2286,1030,29091,8514,29091,30,9
hammertank/jstorm-node-connection-check,alibaba_jstorm,258549,50404,0,0,0,0,10
xiexianchao/Transmittable-thread-local-sercret,alibaba_transmittable-thread-local,12465,5280,0,0,0,0,8
CyrusZhou-CN/Alibaba_Otter_Manager_DockerCompose,alibaba_otter,88933,27166,3,2,3,3,5
yibeiliu/VlayoutDemo,alibaba_vlayout,16394,3829,2,1,2,0,9
tangzhoutz/SoloPiwiki,alipay_SoloPi,62296,13952,0,0,0,0,7
Syah86/https-github.com-amitshekhariitbhu-Android-Debug-Database,amitshekhariitbhu_Android-Debug-Database,3561,790,1,1,1,0,2
TheXPerienceProject/android_packages_apps_Launcer3,amirzaidi_Launcher3,75449,14136,1,0,1,0,8
AlibabaTech/fastjson,alibaba_fastjson,200902,14832,122,86,122,0,13
immohanravi/Fast-Android-Networking,amitshekhariitbhu_Fast-Android-Networking,19755,3272,0,0,0,1,6
alibaba/Alink,alibaba_Alink,521643,77182,3618,791,3618,22,8
android-async-http/android-async-http,android-async-http_android-async-http,10856,2697,10610,4048,10610,3,15
android/views-widgets-samples,android_views-widgets-samples,11554,3720,5178,2983,5178,0,7
xtyuns/sample-e202312131-fastjson2,alibaba_fastjson2,477743,36880,0,0,0,0,3
androidannotations/androidannotations,androidannotations_androidannotations,59840,22204,11001,2321,11001,0,14
wahyuogel/AndroidMVP,antoniolg_androidmvp,476,120,5,1,5,0,12
AntennaPod/AntennaPod,AntennaPod_AntennaPod,68123,4671,7794,1664,7794,30,14
ant-media/Ant-Media-Server,ant-media_Ant-Media-Server,160498,44526,4657,682,4657,30,9
antlr/antlr4,antlr_antlr4,66384,16217,18813,3431,18813,30,16
shuzheng/spring-cloud-alibaba-demo,alibaba_nacos,419864,122260,95,52,95,0,7
GlacierBlitz/mlda-dlw-bos-angels,Angel-ML_angel,262602,50267,2,0,2,0,0
SimonWoodburyForget/mindustry-modding,Anuken_Mindustry,143765,20347,34,17,34,0,7
yuyan-sec/druid_sessions,alibaba_druid,500947,75886,320,26,320,4,5
Alluxio/alluxio,Alluxio_alluxio,444173,120745,7183,2944,7183,30,14
apache/avro,apache_avro,131437,35679,3257,1742,3257,22,17
apache/dolphinscheduler-website,apache_dolphinscheduler,92639,27362,144,219,144,0,7
delei/fesod-issue,apache_fesod,53913,23201,0,0,0,0,1
apache/calcite,apache_calcite,634823,165467,5106,2475,5106,0,12
apache/fory-site,apache_fory,134931,24379,26,32,26,0,3
apache/dubbo-samples,apache_dubbo,415267,105349,2377,1982,2377,0,8
apache/cassandra,apache_cassandra,1189676,223435,9686,3860,9686,0,17
apache/beam,apache_beam,1189495,259054,8543,4528,8543,30,10
apache/gravitino-site,apache_gravitino,529296,126813,4,20,4,0,2
Hackerhan/Apache-HertzBeat,apache_hertzbeat,150298,40147,0,0,0,0,1
apache/druid,apache_druid,1601335,271938,13973,3770,13973,30,14
apache/hbase,apache_hbase,1149571,253980,5562,3398,5562,30,12
leesf/hudi-resources,apache_hudi,618516,146656,558,158,558,0,7
kiegroup/drools-archive,apache_incubator-kie-drools,439954,89565,37,24,37,0,3
kiegroup/optaplanner,apache_incubator-kie-optaplanner,278965,77012,481,105,481,0,3
apache/iceberg,apache_iceberg,1087751,169845,8703,3137,8703,30,8
log4js2/log4js2-core,apache_logging-log4j2,28100,9941,10,6,10,21,10
linghengqian-scratches/seata-table-meta-check-enable-test,apache_incubator-seata,407628,110079,0,0,0,0,2
apache/flink,apache_flink,1963876,457036,25931,13912,25931,0,12
apache/nifi,apache_nifi,226423,47695,6042,2934,6042,0,12
chywx/rocketmq-console-alarm,apache_rocketmq-externals,19490,5238,9,1,9,2,7
apache/paimon-rust,apache_paimon,588545,109592,155,53,155,0,2
sg-evals/android-frameworks-base--d41da232,aosp-mirror_platform_frameworks_base,5901417,1481605,0,0,0,0,0
apache/kafka,apache_kafka,1252131,241284,32323,15093,32323,0,15
Zeyad-Azima/CVE-2022-22733,apache_shardingsphere-elasticjob,34811,12873,2,1,2,1,3
apache/streampark-quickstart,apache_streampark,47362,12813,74,71,74,1,5
apache/iotdb,apache_iotdb,1391917,219101,6304,1129,6304,30,8
apache/shenyu-dashboard,apache_shenyu,191095,84807,197,238,197,10,8
hortonworks-gallery/zeppelin-notebooks,apache_zeppelin,178091,28740,216,151,216,0,11
apache/storm,apache_storm,352405,64250,6679,4044,6679,9,13
apache/zookeeper,apache_zookeeper,170519,43462,12747,7320,12747,0,17
apolloconfig/agollo,apolloconfig_apollo,66649,14899,775,200,775,30,9
apache/pinot,apache_pinot,957281,203964,6055,1459,6055,21,12
Parikos/AndroidCourse,aporter_coursera-android,22902,2655,3,3,3,0,12
esp8266/Arduino,arduino_Arduino,37427,9871,16594,13190,16594,30,11
justine6/https-github.com-ashishps1-awesome-system-design-resources,ashishps1_awesome-system-design-resources,383,19,26,5,26,0,2
apache/tomcat,apache_tomcat,539178,169927,8135,5359,8135,0,15
Sidneys1/signal-bot,AsamK_signal-cli,44704,808,8,2,8,3,3
Loonytone/BottomNavigation,Ashok-Varma_BottomNavigation,3317,1033,4,1,4,0,9
jw-y/pkl-python,apple_pkl,89224,17641,70,3,70,7,2
Suleiman19/Bottom-Navigation-Demo,aurelhubert_ahbottomnavigation,3024,660,55,41,55,0,10
lucabelluccini/commafeed-docker,Athou_commafeed,13766,594,0,4,0,0,9
KotlinMania/JWT-Kotlin,auth0_java-jwt,11976,1676,4,0,4,2,1
bzsome/VirtualApp-x326,asLody_VirtualApp,48241,4975,133,55,133,0,8
PacktPublishing/A-Definitive-Guide-to-Apache-ShardingSphere,apache_shardingsphere,552333,175770,10,9,10,0,5
nishantverma160380/awsdocs-aws-doc-sdk-examples,awsdocs_aws-doc-sdk-examples,146911,27111,0,0,0,0,5
wmansfield/Xamarin.CarouselLayoutManager,Azoft_CarouselLayoutManager,1134,249,0,0,0,0,8
foxiswho/java-spring-boot-uid-generator-baidu,baidu_uid-generator,2050,1026,21,23,21,0,7
macktong/baomidou-dynamic-datasource-spring-boot-starter,baomidou_dynamic-datasource,11082,4209,1,0,1,0,4
azkaban/azkaban,azkaban_azkaban,146277,31746,4514,1569,4514,30,14
AxonFramework/AxonFramework,AxonFramework_AxonFramework,317283,121686,3572,839,3572,30,15
jclick/SwipeMenuListView,baoyongzhang_SwipeMenuListView,1510,241,12,8,12,0,11
raedev/photoview-ktx,Baseflow_PhotoView,1971,261,0,0,0,0,2
mariotaku/DragSortListView,bauerca_drag-sort-listview,5076,1435,4,4,4,0,12
sakaguchiyuka/SampleAndroidBootstrap,Bearded-Hen_Android-Bootstrap,13141,983,1,0,1,0,12
gavin2lee/mybatis-plus,baomidou_mybatis-plus,81407,28730,8,6,8,0,10
tetrafolium/Aegis,beemdevelopment_Aegis,25729,891,2,0,2,0,7
aliaghasaadati/bepass.org-oblivion,bepass-org_oblivion,2941,215,5,0,5,0,2
Airsaid/Android-PickerView-Library,Bigkoo_Android-PickerView,5265,1020,111,26,111,0,10
amikey/DanmakuFlameMaster,bilibili_DanmakuFlameMaster,11720,1416,2,1,2,0,10
apache/camel-examples,apache_camel,3135246,1059921,472,378,472,0,6
wfs31415926/SimpleGuideView,binIoter_GuideView,1540,357,0,0,0,0,5
blemale/scaffeine,ben-manes_caffeine,120410,21962,268,25,268,0,10
rysinal/BGARefreshLayout,bingoogolapple_BGARefreshLayout-Android,6301,1060,1,0,1,0,10
apereo/java-cas-client,apereo_cas,507782,98798,945,606,945,20,14
licheedev/AdaptScreen,Blankj_AndroidUtilCode,57316,18323,17,5,17,1,7
liguigui/Blankj-awesome-java-leetcode,Blankj_awesome-java-leetcode,2852,967,1,0,1,0,8
bitcoinj/bitcoinj,bitcoinj_bitcoinj,80878,26079,5216,2562,5216,14,13
utkan/ConductorDemo,bluelinelabs_Conductor,6434,942,1,0,1,0,9
sdzzcl/springcloud,bjmashibing_InternetArchitect,80288,13419,1,0,1,0,6
FleetingWang/DroidBinding_AndroidTreeView,bmelnychuk_AndroidTreeView,2565,381,5,0,5,0,10
EditorialBlossom/Blossom-Editorial,blossom-editor_blossom,28729,10629,0,0,0,0,2
basicthinker/YCSB-C,brianfrankcooper_YCSB,35555,10135,170,88,170,0,12
imalimin/LyMedia,bytedeco_javacv,29164,6114,22,11,22,0,10
BlueMap-Minecraft/BlueMapVue,BlueMap-Minecraft_BlueMap,39241,11524,21,31,21,0,5
imalimin/LyMedia,bytedeco_javacpp,33929,8191,22,11,22,0,10
nothub/headlessbot,cabaletta_baritone,38024,12029,31,4,31,0,5
AutoMQ/automq,AutoMQ_automq,1102607,225662,9676,683,9676,30,3
leavestar/Interviews,careercup_ctci,13378,861,0,2,0,0,13
Cheesebaron/SmoothProgressBarSharp,castorflex_SmoothProgressBar,2244,125,12,3,12,0,12
way2ashutosh/https---github.com-careercup-CtCI-6th-Edition,careercup_CtCI-6th-Edition,24193,1459,0,0,0,0,10
swesmith/changmingxie__tcc-transaction.874cb910,changmingxie_tcc-transaction,16050,1425,0,1,0,0,0
jub3i/android-customptr,chrisbanes_Android-PullToRefresh,5118,1547,1,3,1,0,14
takahirom/DownloadableCalligraphy,chrisjenx_Calligraphy,1600,569,91,2,91,4,9
bisq-network/bisq-website,bisq-network_bisq,292437,57828,38,81,38,0,9
ktprezes/material-theme-icons-list,ChrisRM_material-theme-jetbrains,29394,9987,1,0,1,0,6
kevinvanrijn/Morph-decompiled,deathmarine_Luyten,5886,315,0,0,0,0,9
mwwojcik/mw-ddd-by-examples-library,ddd-by-examples_library,3307,42,2,0,2,0,7
code2docs-ai/chinabugotech_hutool,chinabugotech_hutool,269059,118044,0,0,0,0,1
dependency-check/DependencyCheck,dependency-check_DependencyCheck,85292,34202,7489,1399,7489,30,14
zhangbin131421/DevLight-Mobile-Agency-InfiniteCycleViewPager,Devlight_InfiniteCycleViewPager,4310,672,0,0,0,0,10
debezium/debezium,debezium_debezium,346966,66901,12597,2903,12597,0,10
wytiger/DidiVirtualAPKDemo,didi_VirtualAPK,8608,1351,0,0,0,0,7
justciffer/cat-agent,dianping_cat,124559,23660,4,5,4,0,8
gogogo453/Xamarin.Android.BlurView,Dimezis_BlurView,1311,223,2,0,2,0,4
jymycc/CircularProgressButton,dmytrodanylyk_circular-progress-button,1266,24,3,3,3,1,9
checkstyle/checkstyle,checkstyle_checkstyle,526139,127848,8912,4087,8912,30,13
camunda/camunda-bpm-platform,camunda_camunda-bpm-platform,796752,186932,4265,1706,4265,0,13
11JJChina/java-interview,doocs_advanced-java,8,3,11,4,11,0,7
awzsmbs9983/Infinity-For-Reddit,Docile-Alligator_Infinity-For-Reddit,99688,4216,0,0,0,0,1
Mantaro/MantaroBot,discord-jda_JDA,193251,94429,412,171,412,0,10
deeplearning4j/deeplearning4j,deeplearning4j_deeplearning4j,926497,213509,14220,3841,14220,0,13
arquillian/arquillian-extension-moco,dreamhead_moco,23563,312,2,0,2,0,12
erikvanoosten/metrics-scala,dropwizard_metrics,40694,5250,426,61,426,12,14
dropwizard/dropwizard,dropwizard_dropwizard,65809,9183,8593,3413,8593,30,15
githubsoftware2015/sa-token,dromara_Sa-Token,79843,38159,2,0,2,0,4
spinachgit/SpringCloud-Learning,dyc87112_SpringCloud-Learning,23362,5296,1,0,1,0,9
dbeaver/dbeaver,dbeaver_dbeaver,763702,146398,49497,4109,49497,30,11
fdciabdul/PCAP-REMOTE-SAMPLE,emanuele-f_PCAPdroid,30514,3916,1,1,1,0,1
logstash-plugins/logstash-output-elasticsearch,elastic_logstash,65929,16305,220,303,220,1,12
trungnguyenduy139/MovieRanking,esoxjem_MovieGuide,2575,233,0,0,0,0,8
adrien-aubert-drovio/vertx-url-class-loader-read-file,eclipse-vertx_vert.x,212109,40846,0,0,0,0,3
YangFong/doocs-leetcode,doocs_leetcode,109687,7615,2,0,2,0,4
Sowjanyapv/DrKLO-Telegram,DrKLO_Telegram,1508896,122215,9,3,9,0,11
vkhaitan/TableViewSharp,evrencoskun_TableView,9613,3234,3,2,3,0,8
Dachill489/https-github.com-exadel-inc-compreface-net-sdk-tree-main-Exadel.Compreface.AcceptenceTests,exadel-inc_CompreFace,18864,2991,0,0,0,0,1
lxlx704034204/spring-boot-vue-element-master,Exrick_xboot,20994,5719,0,0,0,0,8
xukuitao/market-back,Exrick_xmall,37819,2004,6,1,6,0,8
probablyvivek9/enso-org,enso-org_enso,155968,19349,0,0,0,0,5
brianegan/flutter_stetho,facebook_stetho,22349,3963,218,63,218,0,8
kaedea/fresco-sample-usage,facebook_fresco,70638,14861,216,57,216,1,11
amine-hamzi/failsafe-library-demo,failsafe-lib_failsafe,18611,7113,0,0,0,0,3
Baioxb/fwq,ffay_lanproxy,3064,424,0,0,0,0,7
Coderx-Gamer/session-login,FabricMC_fabric-api,115775,43700,13,0,13,1,4
itychange/bottomsheet-master,Flipboard_bottomsheet,2846,665,1,0,1,0,10
flutter-webrtc/flutter-webrtc,flutter-webrtc_flutter-webrtc,9660,721,4453,1354,4453,30,8
joaoschuwarts/schuwartsjoao,FCL-Team_FoldCraftLauncher,130721,22750,1,0,1,0,2
3046872685/workspaces,forezp_SpringCloudLearning,8176,1281,0,0,0,0,5
xixu-me/fongmi-tv-actions-builder,FongMi_TV,35793,106,18,6,18,5,1
frank-lam/fullstack-tutorial-site,frank-lam_fullstack-tutorial,0,0,10,3,10,0,8
flyway/flyway,flyway_flyway,66449,22558,9673,1606,9673,30,14
HaToan/ysoserial,frohoff_ysoserial,5441,785,0,0,0,1,9
Linger50/JustTrustMe-forMIUI10,Fuzion24_JustTrustMe,568,65,5,1,5,0,7
cije/Design,fuzhengwei_itstack-demo-design,6477,920,1,0,1,0,5
w1042759760/java,geekxh_hello-algorithm,2814,946,26,11,26,0,6
luohaohaha/cardlib,gabrielemariotti_cardslib,45318,15282,1,0,1,0,12
lxhtiamo/AndroidProject-master,getActivity_AndroidProject,25054,4987,0,0,0,0,0
immutables/highlands,facebook_buck,522943,109199,6,2,6,21,7
petr-korobeinikov/beego-mini-example,go-lang-plugin-org_go-lang-idea-plugin,68981,14760,0,0,0,0,10
Freeyourgadget/Gadgetbridge,Freeyourgadget_Gadgetbridge,306703,22695,4494,661,4494,0,11
alexsorokoletov/Xamarin.Android.Maps.Utils,googlemaps_android-maps-utils,21793,7394,26,13,26,0,11
sbt-jib/sbt-jib,GoogleContainerTools_jib,75849,19074,151,28,151,8,8
FIF/Android_GCM_sample,googlesamples_google-services,1745,501,0,2,0,0,11
EvilBT/AgeraBus,google_agera,18375,4404,8,1,8,5,10
googleapis/google-api-go-client,google_auto,52366,10962,4419,1186,4419,30,12
iammohdzaki/BundleToolUI-Desktop,google_bundletool,143704,18653,44,12,44,8,3
marakew/rep,google_bindiff,96624,19950,1,1,1,0,3
martijn00/CameraViewXamarin,google_cameraview,3475,691,6,0,6,0,9
PHPGangsta/GoogleAuthenticator,google_google-authenticator,5256,1897,2321,720,2321,1,14
google/google-java-format,google_google-java-format,21696,4446,6107,921,6107,30,11
natario1/Egloo,google_grafika,12799,4494,156,23,156,15,7
gocd/gocd,gocd_gocd,380451,65377,7388,977,7388,30,13
apache/netbeans,apache_netbeans,5655249,1320911,3037,921,3037,30,9
roboguice/roboguice,google_guice,100398,21764,3738,812,3738,0,14
SergeyTeplyakov/ErrorProne.NET,google_error-prone,353187,61096,1107,49,1107,3,11
JonMcPherson/open-location-code,google_open-location-code,3846,931,45,11,45,3,8
akamud/AutoFitTextView-Xamarin.Android,grantland_android-autofittextview,754,234,6,1,6,0,11
ep-infosec/50_google_tsunami-security-scanner,google_tsunami-security-scanner,21062,5210,0,0,0,0,4
graphql-java/graphql-java,graphql-java_graphql-java,94936,16748,6235,1150,6235,30,11
tugcearar/XGreenDao,greenrobot_greenDAO,24647,4987,1,2,1,1,6
albilaga/Toasty,GrenderG_Toasty,626,75,7,0,7,0,9
geoserver/geoserver,geoserver_geoserver,1031340,174469,4315,2289,4315,30,15
cailun521/GrowingGit-GitHub-Chinese-Top-Charts,GrowingGit_GitHub-Chinese-Top-Charts,6,1,582,78,582,0,2
tfnico/guava-examples,google_guava,701428,193046,81,69,81,0,16
HKingz/haven-forked,guardianproject_haven,6191,901,0,0,0,0,8
thebracket/one_billion_rows,gunnarmorling_1brc,49549,8550,16,3,16,0,2
OlafRoeder/ProGuardMissingDirectoryAttributes,Guardsquare_proguard,79433,24946,0,0,0,0,5
l6yang/StatusBar,gyf-dev_ImmersionBar,11468,2806,5,1,5,0,9
DaiLiQing/AndroidPicker,gzu-liyujiang_AndroidPicker,20768,5792,0,0,0,0,8
cuixbo/FlycoTabLayoutDemo,H07000223_FlycoTabLayout,2985,228,1,2,1,0,10
ainiyiwan/MagicIndicatorTest,hackware1993_MagicIndicator,4611,338,0,0,0,0,9
grpc/grpc-java,grpc_grpc-java,357657,67339,11998,3983,11998,30,12
leleliu008/Android-EffectTextView,hanks-zyh_HTextView,3414,357,1,0,1,0,9
shalotelli/mirror-app,HannahMitt_HomeMirror,2097,163,29,3,29,0,11
h2database/h2database,h2database_h2database,315672,73557,4604,1281,4604,24,11
ismayilovmurad/My-Contacts-Pro,HarlonWang_AVLoadingIndicatorView,2367,217,0,0,0,0,6
General-101/Halo-Asset-Blender-Development-Toolset,halo-dev_halo,96993,10435,147,29,147,30,7
hemantasapkota/j2objc-eclipse-plugin,google_j2objc,1700702,701918,26,11,26,0,14
rafaelfukuda/Rocket.Droid.CircleImageView,hdodenhof_CircleImageView,419,25,3,5,3,0,11
Andrewi-GaoGuanWe/shiro-heexy,Heeexy_SpringBoot-Shiro-Vue,1364,419,4,4,4,0,7
leeroopedia/workflow-heibaiying-bigdata-notes-storm-topology-development,heibaiying_BigData-Notes,3538,699,0,0,0,0,0
zyhaom/HMKCODE-GCM,hmkcode_Android,2665,281,2,0,2,0,12
fcwgit/https---github.com-hongyangAndroid-AndroidAutoLayout,hongyangAndroid_AndroidAutoLayout,3412,263,0,0,0,0,9
gzu-liyujiang/GoodsSpec,hongyangAndroid_FlowLayout,1012,57,17,5,17,0,9
WernerLuo/okhttp_demo,hongyangAndroid_okhttputils,2881,264,0,1,0,0,8
RicardoKers/HneemannDigitalComponents,hneemann_Digital,109453,29295,0,0,0,0,4
MUFCRyan/BilibiliClient,HotBitmapGG_bilibili-android-client,28810,2958,7,1,7,0,9
KaituoDev/SensitiveWordFilter,houbb_sensitive-word,9125,3232,0,0,0,0,0
MarsAres-ZY/SmartTable_AndroidX,huangyanbin_smartTable,16605,3182,0,0,0,0,0
truesA/EasyPhotosEX,HuanTanSheng_EasyPhotos,13721,1522,3,0,3,0,8
mafsan/https-github.com-hussien89aa-AndroidTutorialForBeginners,hussien89aa_AndroidTutorialForBeginners,5554,822,6,0,6,0,9
Graylog2/graylog2-server,Graylog2_graylog2-server,542547,121531,8001,1100,8001,0,16
Toysoft/MifareClassicTool,ikarus23_MifareClassicTool,12489,4229,12,3,12,0,7
sgpublic/SwipeBackLayoutX,ikew0ng_SwipeBackLayout,2414,838,0,0,0,1,5
tandengzhao/Openfire,igniterealtime_Openfire,210999,73808,0,0,0,0,12
swesmith/infinilabs__analysis-ik.9b820257,infinilabs_analysis-ik,4638,1504,0,1,0,0,0
immutables/immutables,immutables_immutables,99461,17988,3552,293,3552,21,13
gouthamiexcelr/Internet-of-things-training-in-Malaysia,IoT-Technology_IoT-Technical-Guide,8678,1352,1,1,1,0,8
kaedea/android-xml2java,iReaderAndroid_X2C,7489,1087,0,0,0,0,8
NAXAM/bottomnavigationviewex-android-binding,ittianyu_BottomNavigationViewEx,1922,501,25,7,25,2,9
amikey/java-design-patterns,iluwatar_java-design-patterns,109561,59478,59,23,59,0,11
yyyoushen/https-github.com-ityouknow-spring-cloud-examples,ityouknow_spring-cloud-examples,1775,44,1,1,1,0,7
Delebani/spring-boot-example,ityouknow_spring-boot-examples,15153,647,18,17,18,0,8
easy-designs/jquery.easyValidationRules.js,j-easy_easy-rules,10646,4735,7,0,7,0,12
craumix/jmb-container,jagrosh_MusicBot,6681,1560,19,23,19,0,7
elastic/elasticsearch,elastic_elasticsearch,3591429,486453,76472,25829,76472,30,16
Rowandjj/DiskLruCacheHelper,JakeWharton_DiskLruCache,2118,379,6,1,6,0,11
xuexiangjys/XMark,JakeWharton_hugo,407,7,29,1,29,6,8
amikey/NineOldAndroids,JakeWharton_NineOldAndroids,10288,3970,0,0,0,0,9
the-momentum/ThreeTenDsl,JakeWharton_ThreeTenABP,175,9,1,0,1,0,7
jacoco/jacoco,jacoco_jacoco,64587,20622,4528,1199,4528,30,14
nagypeter/helidon-tutorial,helidon-io_helidon,587939,194908,5,10,5,0,7
NortonAhu/ForkU2020,JakeWharton_u2020,6167,623,0,0,0,0,10
joypaul162/janishar-mit-deep-learning-book-pdf,janishar_mit-deep-learning-book-pdf,2,0,0,0,0,0,1
gaoleicoding/CustomViewPagerIndicator,JakeWharton_ViewPagerIndicator,3432,391,6,2,6,0,11
GitHubRaju/https-github.com-eugenp-tutorials,eugenp_tutorials,840683,40230,10,10,10,0,8
RainBowT0506/JayGoo-RangeSeekBar,Jay-Goo_RangeSeekBar,2437,448,0,0,0,0,2
java8/Java8InAction,java8_Java8InAction,3976,421,3194,2248,3194,0,13
klehmann/domino-jna,java-native-access_jna,193878,105433,71,16,71,30,10
poulwalker/https-github.com-jeasonlzy-okhttp-OkGo,jeasonlzy_okhttp-OkGo,19921,5899,0,0,0,0,10
jeecgboot/skills,jeecgboot_jimureport,982,470,46,22,46,0,0
jeecgboot/JeecgBoot,jeecgboot_JeecgBoot,91415,33209,45782,15885,45782,30,8
13120241790/mvparmspractice,JessYanCoding_MVPArms,11915,4873,0,0,0,0,7
JabRef/jabref,JabRef_jabref,259055,20482,4312,3328,4312,30,12
JanusGraph/janusgraph,JanusGraph_janusgraph,159352,36401,5761,1207,5761,28,10
AirVin9526/jeepay,jeequan_jeepay,41825,15746,0,0,0,0,1
kgdqqq520/ViewBader,jgilfelt_android-viewbadger,798,163,0,0,0,0,13
Cheesebaron/SlidingMenuSharp,jfeinstein10_SlidingMenu,4238,1043,54,39,54,0,13
MinecraftForge/FernFlower,JetBrains_fernflower,60766,3108,98,21,98,0,9
javaparser/javaparser,javaparser_javaparser,298270,84966,6072,1224,6072,30,15
angcyo/RJsoup,jhy_jsoup,45100,5832,0,0,0,0,8
baksmali/smali,JesusFreke_smali,73243,25834,90,7,90,30,2
Saturnremabtc64/supreme-octo-roboticeyx,JoanZapata_android-iconify,6421,186,25,17,25,0,8
marceloburegio/cordova-plugin-zxing,journeyapps_zxing-android-embedded,7336,2168,10,9,10,2,8
go-xe2/react-native-imui,jpush_aurora-imui,18293,1971,0,0,0,0,5
repolex-forx/junit-team--junit4,junit-team_junit4,38680,7442,0,0,0,0,0
JSQLParser/JSqlParser,JSQLParser_JSqlParser,79509,12710,5945,1419,5945,30,15
justauth/JustAuth,justauth_JustAuth,12984,3356,17426,2850,17426,30,7
ocooleast/auth-jwt,jwtk_jjwt,39441,20187,0,0,0,1,3
asasqwwq/https-github.com-JZ-Darkal-AndroidHttpCapture,JZ-Darkal_AndroidHttpCapture,21588,5178,0,0,0,0,4
jitsi/jitsi-meet,jitsi_jitsi,472640,198870,28957,7858,28957,30,13
IlgarGanbarov/Team141-JUnitFramework,junit-team_junit-framework,187612,54562,0,0,0,0,2
karma9874/AndroidReverseShell,karma9874_AndroRAT,1637,25,127,25,127,0,7
GigigoGreenLabs/permissionsModule,Karumi_Dexter,3263,1084,3,2,3,14,10
tetrafolium/FastHub,k0shk0sh_FastHub,50119,2515,1,0,1,0,7
karatelabs/karatelabs.github.io,karatelabs_karate,104651,26824,2,0,2,0,5
chen1174363087/kkFileView,kekingcn_kkFileView,0,0,1,0,1,0,2
haydensurf/interviews-kdn251,kdn251_interviews,18142,6696,79,20,79,0,9
Commit451/NativeStackBlur,kikoso_android-stackblur,1000,174,246,44,246,6,11
ERufian/Algs4-CSharp,kevin-wayne_algs4,50910,28331,10,4,10,0,12
jOOQ/jOOQ,jOOQ_jOOQ,622586,297001,6694,1226,6694,30,15
koral--/android-gif-drawable-sample,koral--_android-gif-drawable,4665,1505,58,27,58,0,12
Rabiaa75/Hsbsj,killme2008_aviatorscript,53837,11985,0,0,0,0,2
sammizodev/Ion-Koush,koush_ion,11762,2028,0,0,0,0,7
keycloak/keycloak,keycloak_keycloak,72606,18103,33792,8232,33792,30,13
hazelcast/hazelcast,hazelcast_hazelcast,1742345,357193,6589,1873,6589,30,14
JustD01t-moy/https-github.com-krahets-LeetCode-Book,krahets_LeetCode-Book,9417,2894,0,0,0,0,0
brucetoo/Android-ObservableScrollView,ksoichiro_Android-ObservableScrollView,14717,3017,7,2,7,0,11
qianjiangboy/hello-algo,krahets_hello-algo,28705,8410,40,5,40,0,3
0x727/SpringBootExploit,LandGrey_SpringBootVulExploit,464,5,1903,314,1903,3,5
lakesoul-io/lakesoul-io.github.io,lakesoul-io_LakeSoul,92365,14668,0,0,0,0,3
kestra-io/plugin-minio,kestra-io_kestra,171880,15791,4,6,4,30,2
dminta/StatusBarUtilXamarinAndroidBinding,laobie_StatusBarUtil,1329,329,0,0,0,1,8
DaCodeChick/GhidraMCP,LaurieWired_GhidraMCP,1460,201,25,11,25,7,1
raquezha/hellocharts-kotlin,lecho_hellocharts-android,11692,2047,4,3,4,6,3
YRjiang/spring_vue_blog,lenve_VBlog,1190,145,4,4,4,0,7
yuwei666/hrserver,lenve_vhr,4119,437,11,3,11,0,7
jhen0409/react-native-android-badge,leolin310148_ShortcutBadger,1423,240,90,36,90,0,11
lets-blade/lets-blade.github.io,lets-blade_blade,24735,6636,4,14,4,0,9
creativecoder567/Material-Animations-lgvalle,lgvalle_Material-Animations,1046,56,3,0,3,0,9
samo25/konsoletyper-teavm,konsoletyper_teavm,455707,102189,0,0,0,0,10
languagetool-org/languagetool-org.github.io,languagetool-org_languagetool,282888,69772,10,36,10,0,6
tetrafolium/Lawnchair,LawnchairLauncher_lawnchair,418078,87216,3,1,3,0,7
slowyear/https---github.com-liaohuqiu-android-Ultra-Pull-To-Refresh,liaohuqiu_android-Ultra-Pull-To-Refresh,5861,738,0,0,0,0,10
derily/api-project-seed,lihengming_spring-boot-api-project-seed,635,76,5,1,5,0,7
langchain4j/langchain4j,langchain4j_langchain4j,281336,38379,11526,2115,11526,30,3
gurkankaymak/hocon,lightbend_config,16994,4871,90,19,90,26,6
ainiyiwan/ZYFileDownloader,lingochamp_FileDownloader,20280,5370,0,0,0,0,9
Dullyoung/DownLoadDemo,lingochamp_okdownload,28101,6287,0,0,0,0,6
fabric8io/kubernetes-client,kubernetes-client_java,1981231,598119,3640,1504,3640,30,11
dongyado/ip2region,lionsoul2014_ip2region,3384,571,5,1,5,0,11
WernerLuo/VideoPlayer,lipangit_JiaoZiVideoPlayer,5287,282,0,2,0,1,8
jaker-li/git-github.com-linlinjava-litemall,linlinjava_litemall,101477,41351,0,0,0,0,0
Charles9171/liyifeng1994-ssm,liyifeng1994_ssm,620,107,5,2,5,0,9
longkehuawei/https-github.com-litesuits-android-common,litesuits_android-common,12153,5736,2,0,2,0,10
banzaicloud/docker-cruise-control,linkedin_cruise-control,95341,22768,13,15,13,1,6
blue42-david/OpenPDFDemo,LibrePDF_OpenPDF,265817,98362,0,0,0,0,1
yyk6887484-wq/https-github.com-loks666-get_jobs,loks666_get_jobs,12926,2551,0,0,0,0,1
tracenow/disruptor-3.3.6-annotation,LMAX-Exchange_disruptor,24885,6986,3,4,3,0,9
LSPosed/LSPatch,LSPosed_LSPatch,14102,6048,8959,1079,8959,9,5
ApacheJondy/twoway-view,lucasr_twoway-view,3773,428,0,0,0,0,9
FleetingWang/DroidBinding_ViewPagerIndicator,LuckyJayce_ViewPagerIndicator,4860,662,1,1,1,0,10
2402091500/PictureSelector,LuckSiege_PictureSelector,47981,11111,25,5,25,0,9
firewallstudioglobal/Firewall,M66B_NetGuard,12503,528,3,0,3,0,7
a100944408/lts,ltsopensource_light-task-scheduler,55772,7481,0,0,0,0,10
zhaohongbao/mall-tiny-01,macrozheng_mall-learning,43932,6637,0,2,0,0,6
logisim-evolution/logisim-evolution,logisim-evolution_logisim-evolution,192063,21768,6969,918,6969,30,12
guass/macrozheng-mall,macrozheng_mall,68819,3155,66,24,66,0,8
Tharkius/SuperSharpRecyclerView,Malinskiy_SuperRecyclerView,2794,270,1,0,1,0,9
BeautyQAQ/marker-hub-blog-java,MarkerHub_vueblog,808,134,0,0,0,0,6
wenjun615/sai-cloud,macrozheng_mall-swarm,70599,4463,0,0,0,0,5
Joky-SSS/SwipeMenuLayout,mcxtzhang_SwipeDelMenuLayout,1189,265,3,0,3,0,8
SilentTTxo/ProjectPotato,meefik_linuxdeploy,3742,675,9,3,9,0,8
younglifestyle/goLeaf,Meituan-Dianping_Leaf,1528,96,78,12,78,0,4
marytts/marytts,marytts_marytts,156145,53537,2576,773,2576,28,15
yl2chen/netty.socketio.benchmark,mrniko_netty-socketio,10033,2810,2,0,2,0,12
material-components/material-components-android,material-components_material-components-android,189160,48077,17231,3229,17231,30,10
wayn111/mybatis-xmlreload-spring-boot-starter,mybatis_spring-boot-starter,8439,3034,73,22,73,2,3
haruki-sugarsun/armeria_test,line_armeria,536713,137461,2,1,2,0,10
mybatis-flex/mybatis-flex,mybatis-flex_mybatis-flex,84435,28784,2587,249,2587,30,3
zouzg/mybatis-generator-gui,mybatis_generator,97728,13432,6704,2515,6704,16,10
AnatolyJacobs/ReLSPosed_CLI,mywalkb_LSPosed_mod,27764,4821,8,0,8,1,0
NanoHttpd/nanohttpd,NanoHttpd_nanohttpd,11180,3698,7212,1724,7212,3,14
giacomoran/CameraView-overlay-demos,natario1_CameraView,30050,6638,7,4,7,0,7
ricardomorarey/navasmdc-MaterialDesignLibrary,navasmdc_MaterialDesignLibrary,3129,262,0,0,0,0,10
mybatis/mybatis-3,mybatis_mybatis-3,99826,28689,20410,12941,20410,30,13
swesmith/MyCATApache__Mycat-Server.243539fb,MyCATApache_Mycat-Server,132921,31424,0,0,0,0,0
velvia/ScalaStorm,nathanmarz_storm,58153,11887,249,49,249,0,15
platinummonkey/go-concurrency-limits,Netflix_concurrency-limits,6944,1686,142,23,142,30,8
Nepxion/DiscoveryGuide,Nepxion_Discovery,26419,3786,1239,291,1239,0,7
jhipster/jhipster-registry,Netflix_eureka,47318,10857,711,642,711,30,10
osstotalsoft/atlas,Netflix_conductor,78047,13857,41,8,41,30,5
xetys/jhipster-ribbon-hystrix,Netflix_ribbon,30755,7436,18,11,18,0,10
socrata-platform/simianarmy-docker,Netflix_SimianArmy,28121,8905,4,0,4,0,12
wl794321/https-github.com-newbee-ltd-newbee-mall-cloud,newbee-ltd_newbee-mall,6394,1495,0,0,0,0,4
marcosbarbero/spring-cloud-zuul-ratelimit,Netflix_zuul,39171,9452,1136,384,1136,30,10
SantillanaJasmin/BoomMenu,Nightonke_BoomMenu,9741,1840,1,1,1,0,9
echofool/Ansj.Net,NLPchina_ansj_seg,17927,3157,0,0,0,0,11
SemonCat/AndEngine,nicolasgramlich_AndEngine,53301,20353,2,1,2,0,12
LWJGL/lwjgl3,LWJGL_lwjgl3,1410655,557281,5315,697,5315,23,14
jact-hz/https-github.com-nostra13-Android-Universal-Image-Loader,nostra13_Android-Universal-Image-Loader,12483,5279,7,3,7,0,11
FjieYi/elasticsearch-sql-t,NLPchina_elasticsearch-sql,40290,3181,0,0,0,0,5
shivayyahiremath110/NotHarshhaa-DevOps-Projects,NotHarshhaa_DevOps-Projects,9238,2757,5,0,5,0,1
astmating/midjourney-proxy,novicezk_midjourney-proxy,4057,284,6,1,6,0,3
agreenbhm/private_island,oasisfeng_island,9120,1080,3,1,3,0,6
chapliny/https---github.com-ogaclejapan-SmartTabLayout,ogaclejapan_SmartTabLayout,2593,693,0,0,0,0,11
adbo1108/SimpleCircleIndicator,ongakuer_CircleIndicator,1669,77,0,0,0,0,11
objectbox/objectbox-java,objectbox_objectbox-java,38629,13299,4606,306,4606,30,9
Nekogram/Nekogram,Nekogram_Nekogram,1499355,121188,3592,228,3592,30,3
longshines/pdf-parser-online,opendataloader-project_opendataloader-pdf,23711,5784,0,0,0,0,0
pingidentity/Android-AppAuth-Sample-Application,openid_AppAuth-Android,19860,5516,21,12,21,0,10
jhavierc/spring-cloud-configServer-openFeign,OpenFeign_feign,64997,13286,0,8,0,0,3
openjdk/jmh,openjdk_jmh,83275,29928,2607,332,2607,0,7
netty/netty,netty_netty,544882,137762,34907,16263,34907,3,16
OpenRefine/OpenRefine,OpenRefine_OpenRefine,132404,21954,11799,2133,11799,30,14
jgchen/brave-dubbo,openzipkin_zipkin,50825,6879,66,52,66,0,10
open-android/Logger,orhanobut_logger,1085,273,13,6,13,1,9
ep-infosec/30_oracle_visualvm,oracle_visualvm,38954,10776,0,0,0,0,4
oshi/oshi,oshi_oshi,76302,19205,5196,917,5196,30,14
paascloud/paascloud-master,paascloud_paascloud-master,48678,23299,9879,4256,9879,0,8
swesmith/pagehelper-org__Mybatis-PageHelper.b4212c4d,pagehelper-org_Mybatis-PageHelper,14703,6099,0,0,0,0,0
N3TWORK/MaterialChips,pchmn_MaterialChipsInput,2574,375,1,0,1,0,8
happydog-intj/SweetAlertDialog,pedant_sweet-alert-dialog,949,35,19,10,19,0,12
osmandapp/osmandapp.github.io,osmandapp_OsmAnd,655806,57496,13,47,13,0,12
permissions-dispatcher/PermissionsDispatcher,permissions-dispatcher_PermissionsDispatcher,7163,132,11192,1436,11192,30,11
perwendel/spark,perwendel_spark,17919,6685,9662,1569,9662,0,15
wupojung/MPChartLib,PhilJay_MPAndroidChart,34246,9493,23,17,23,0,12
Phyremaster/papermc-docker,PaperMC_Paper,335494,119478,211,127,211,0,7
pig-mesh/spring-cloud-pig-mesh,pig-mesh_pig,27595,13825,9,5,9,0,6
power4j/screw-cli,pingfangushi_screw,13886,8101,0,0,0,0,4
pentaho/pentaho-kettle,pentaho_pentaho-kettle,1063965,197563,8330,3580,8330,1,13
PlayEdu/PlayEdu,PlayEdu_PlayEdu,23783,6974,3211,562,3211,16,3
PojavLauncherTeam/pojavlauncherteam.github.io,PojavLauncherTeam_PojavLauncher,38390,5831,298,4831,298,0,4
plantuml/plantuml,plantuml_plantuml,419887,137624,12883,1170,12883,30,16
PowerJob/PowerJob,PowerJob_PowerJob,43159,11699,7720,1373,7720,30,6
shuhart/materialcalendar,prolificinteractive_material-calendarview,5440,1229,25,3,25,1,9
OpenAPITools/openapi-generator-cli,OpenAPITools_openapi-generator,1789183,501937,1914,205,1914,30,8
hstarorg/TinyPinyin.Net,promeG_TinyPinyin,3149,262,221,51,221,0,9
BobTheShoplifter/CVE-2023-52251-POC,provectus_kafka-ui,34280,777,21,3,21,0,2
TC999/ghidra-chinese,NationalSecurityAgency_ghidra,2743676,735816,113,15,113,30,1
hsestupin/fiber-zookeeper,puniverse_quasar,77300,26987,0,0,0,0,11
ayonious/lombok-examples,projectlombok_lombok,118922,19473,7,6,7,0,9
padfoot999/dex2jar,pxb1988_dex2jar,43000,6581,2,0,2,0,9
swesmith/qiurunze123__miaosha.e5801765,qiurunze123_miaosha,12891,2303,0,1,0,0,0
eternalfight/ReHost,Qihoo360_RePlugin,47554,17328,1,1,1,0,5
opensearch-project/data-prepper,opensearch-project_OpenSearch,2132618,461336,360,313,360,30,5
heliguo/vertical_tablayout_viewpager,qstumn_BadgeView,1612,99,5,0,5,0,6
taoliuh/weiciyuan,qii_weiciyuan,66433,8603,3,1,3,0,12
rabbitmq/rabbitmq-tutorials,rabbitmq_rabbitmq-tutorials,2451,491,6883,3564,6883,0,16
flathub/io.github.Querz.mcaselector,Querz_mcaselector,35473,1337,2,0,2,0,1
quartz-scheduler/quartz,quartz-scheduler_quartz,70040,29920,6712,1996,6712,8,10
react-native-camera/react-native-camera,react-native-camera_react-native-camera,0,0,9642,3539,9642,30,11
elecomte-sharing/cat-layout,qos-ch_logback,86382,26991,2,0,2,0,10
razerdp/BasePopup-Extension,razerdp_BasePopup,31953,4137,5,1,5,0,6
react-native-image-picker/react-native-image-picker,react-native-image-picker_react-native-image-picker,987,53,8633,2087,8633,30,11
pinpoint-apm/pinpoint-c-agent,pinpoint-apm_pinpoint,473615,123328,274,80,274,30,8
raviteja06/RxPermissions,ReactiveX_RxAndroid,1574,241,17,5,17,3,10
react-native-share/react-native-share,react-native-share_react-native-share,2325,216,3879,977,3879,30,11
stuartwdouglasmidstream/github--raphw--byte-buddy,raphw_byte-buddy,292933,95486,0,0,0,0,2
realm/realm-java,realm_realm-java,140353,32020,11485,1753,11485,0,14
reactor/reactor-core,reactor_reactor-core,253892,48327,5217,1244,5217,30,11
dolyw/ShiroJwt,redis_jedis,174775,29391,689,272,689,10,8
cbaqweaz/wepush,rememberber_WePush,28775,4005,1,0,1,0,3
amatkivskiy/MaterialEditText-Xamarin,rengwuxian_MaterialEditText,4190,876,2,2,2,0,11
RoaringBitmap/RoaringBitmap,RoaringBitmap_RoaringBitmap,102326,13722,3851,586,3851,30,13
olivierhuber/reactivex-rxjava,ReactiveX_RxJava,401267,87981,4,7,4,0,9
rest-assured/rest-assured,rest-assured_rest-assured,71707,28118,7124,1932,7124,0,16
peniqliotuv/robinhood-ticker,robinhood_ticker,2204,500,59,10,59,11,8
XuXuebin/com.rockerhieu.emojicon.library,rockerhieu_emojicon,4393,554,2,1,2,0,12
profunktor/redis4cats,redis_lettuce,249479,99076,366,91,366,30,8
sunmeat/CustomBottomBar,roughike_BottomBar,3560,481,2,0,2,0,4
Kreashions/XposedInstaller,rovo89_XposedInstaller,8176,279,6,0,6,0,8
who7708/spring-analysis,seaswalker_spring-analysis,680,132,0,0,0,0,3
resilience4j/resilience4j,resilience4j_resilience4j,122930,32298,10621,1451,10621,30,11
rivetcat/EhViewer,seven332_EhViewer,51292,8036,24,2,24,0,11
actions-marketplace-validations/shuzijun_leetcode-editor-action,shuzijun_leetcode-editor,14408,1214,0,0,0,0,4
Satsrag/Hotfix,shwenzhang_AndResGuard,7636,1205,2,0,2,0,9
foolishantcat/sen,SimonVT_android-menudrawer,5886,1162,0,0,0,0,13
penghaoyou5/dynamic-load-api,singwhatiwanna_dynamic-load-apk,3436,601,3,2,3,0,10
fxx028/StudyVant,smuyyh_BookReader,38642,9447,0,1,0,0,6
awsautomation/ShopizerEcommerce,shopizer-ecommerce_shopizer,87925,10393,1,0,1,0,6
Jasonlxf/JavaTest,Snailclimb_JavaGuide,0,0,9,5,9,0,8
LPC-language/signal-server,signalapp_Signal-Server,118071,10808,11,2,11,2,2
SeleniumHQ/seleniumhq.github.io,SeleniumHQ_selenium,169201,35451,1376,1568,1376,0,7
questdb/questdb,questdb_questdb,1323070,203820,16841,1560,16841,30,12
cubita-io/sofax,sofastack_sofa-boot,67366,24048,0,0,0,0,6
developer-krushna/jadx-android-api21,skylot_jadx,156459,7287,17,5,17,1,2
spccold/sofa-jraft-withcomments,sofastack_sofa-jraft,138724,34539,0,0,0,0,4
zhouhailin/sofastack-demo,sofastack_sofa-rpc,128702,43504,0,0,0,0,5
spockframework/spockframework.github.io,spockframework_spock,47610,17070,1,4,1,0,10
sanketh-uta/spring-attic-spring-security-oauth,spring-attic_spring-security-oauth,64030,17408,0,0,0,0,1
spring-io/start.spring.io,spring-io_start.spring.io,21963,8623,2620,978,2620,0,8
traeper/spring-authorization-server-practice,spring-projects_spring-authorization-server,35293,9897,16,5,16,0,3
flathub/com.jetbrains.IntelliJ-IDEA-Community,JetBrains_intellij-community,2073174,193621,16,11,16,0,8
ZHENFENG13/spring-boot-projects,spring-projects_spring-boot,69484,19335,5726,1628,5726,0,9
ykameshrao/spring-mvc-angular-js-hibernate-bootstrap-java-single-page-jwt-auth-rest-api-webapp-framework,spring-projects_spring-data-jpa,76868,21128,107,77,107,0,11
jangocheng/PiggyMetrics,sqshq_piggymetrics,3470,191,0,2,0,0,8
springside/springside4,springside_springside4,18477,5430,5667,2860,5667,3,14
square/android-times-square,square_android-times-square,2658,316,4424,1180,4424,0,13
springfox/springfox,springfox_springfox,67994,17691,5939,1519,5939,12,14
fernandodev/daggerplay,square_dagger,12061,3178,11,1,11,0,11
sormuras/poetry,square_javapoet,10898,1292,9,3,9,2,11
cliqz-oss/nove,square_otto,2552,824,3,2,3,2,9
mulab/rx-realm,square_sqlbrite,4587,1019,55,5,55,1,11
spotbugs/spotbugs,spotbugs_spotbugs,298532,70920,3856,652,3856,30,10
celetor/spider-flow,ssssssss-team_spider-flow,9946,1003,0,0,0,0,4
KwokRoot/java-json-to-xml,stleary_JSON-java,24521,8109,6,4,6,0,7
sinothk/NoticeView,sunfusheng_MarqueeView,864,78,0,0,0,6,7
icxz000/autojs6-Doc-skills,SuperMonster003_AutoJs6,142781,24275,1,0,1,0,0
strimzi/strimzi-kafka-operator,strimzi_strimzi-kafka-operator,248959,49761,5766,1472,5766,30,10
Galaxy428/stanfordnlp__CoreNLP,stanfordnlp_CoreNLP,743135,134060,0,0,0,0,1
Suwayomi/Suwayomi-Server,Suwayomi_Suwayomi-Server,82526,39250,6750,357,6750,30,6
xiesangzi/RxPermissions,tbruyelle_RxPermissions,1096,115,1,0,1,2,7
supertokens/supertokens-core,supertokens_supertokens-core,165964,17000,14999,657,14999,30,6
spinnaker/spinnaker,spinnaker_spinnaker,517044,117234,9712,1260,9712,30,12
waveletlet/newpipe-db-editor,TeamNewPipe_NewPipe,54965,8580,3,0,3,0,7
APIJSON/APIJSON-Demo,Tencent_APIJSON,19887,5031,470,282,470,30,6
SonarSource/sonarcloud-github-action,SonarSource_sonarqube,739030,157210,610,231,610,22,7
domaindrivendev/Swashbuckle.AspNetCore,swagger-api_swagger-core,82225,6735,5473,1341,5473,30,11
snylxm/GTX,Tencent_GT,71695,17379,0,0,0,0,4
LostDeer/TencentTinker,Tencent_tinker,50380,10496,0,1,0,0,9
whxceg/QMUIWebView,Tencent_QMUI_Android,67178,10572,1,0,1,4,7
CodingGay/BlackShadow,Tencent_Shadow,30696,7439,89,37,89,0,2
murphy-yu/sf-tencent-matrix0,Tencent_matrix,77296,11096,0,0,0,0,6
Tencent/VasSonic,Tencent_VasSonic,10126,3125,11875,1618,11875,10,9
termux/termux-api,termux_termux-api,8503,726,3634,764,3634,30,11
termux/termux-app,termux_termux-app,37528,10747,53109,6337,53109,30,11
selfimprW/EpicSample,tiann_epic,6524,1316,0,1,0,0,7
marcusf27/com.thirtydegreesray.openhub-v2.7.1,ThirtyDegreesRay_OpenHub,30536,2085,0,0,0,0,1
fabionuno/Timehop.StickyHeadersRecyclerView,timehop_sticky-headers-recyclerview,1059,207,22,6,22,0,11
testcontainers/testcontainers-java,testcontainers_testcontainers-java,57579,8091,8623,1824,8623,30,11
smooth00/wgcloud,tianshiyeben_wgcloud,9721,2598,33,10,33,0,6
fabiankessler/importbench,thinkaurelius_titan,89872,16077,0,2,0,0,13
pusher/java-websocket,TooTallNate_Java-WebSocket,21609,7462,6,4,6,2,10
Alamusitl/ExplosionField,tyrantgit_ExplosionField,395,72,0,0,0,0,9
rockya2014/TheAlgorithms-Java,TheAlgorithms_Java,115346,31864,36,18,36,0,7
uncle-novel/uncle-novel,uncle-novel_uncle-novel,26888,6749,3857,541,3857,1,8
google/tinkCryptoHelper,tink-crypto_tink,177182,33230,6,6,6,0,6
assertj/assertj-vavr,vavr-io_vavr,111759,39825,55,17,55,9,9
Vedenin/java_in_examples,Vedenin_useful-java-links,8538,1553,64,51,64,0,11
traccar/traccar,traccar_traccar,108534,18825,7153,3205,7153,30,14
UniversalMediaServer/UniversalMediaServer,UniversalMediaServer_UniversalMediaServer,206925,66281,2596,514,2596,30,14
StarRocks/starrocks,StarRocks_starrocks,1207377,176622,11549,2386,11549,30,5
teresuki/Timeline_Git,vipulasri_Timeline-View,579,141,0,0,0,0,5
ksylvan/docker-prettyzoo,vran-dev_PrettyZoo,8717,665,0,0,0,0,3
iannowacki/Android_image_filter,wasabeef_glide-transformations,1791,475,0,0,0,0,6
yiming33/vert-x3-vertx-examples,vert-x3_vertx-examples,16241,2579,0,0,0,0,9
HsiangLeekwok/AndroidRichEditor,wasabeef_richeditor-android,745,59,4,4,4,0,9
heysupratim/material-daterange-picker,wdullaer_MaterialDateTimePicker,10117,1937,1322,264,1322,3,11
kousen/Spring-Framework-Essentials,spring-projects_spring-framework,1270556,421346,133,146,133,0,10
00-Evan/shattered-pixel-dungeon,watabou_pixel-dungeon,49460,9232,6010,1423,6010,30,12
vsch/flexmark-java-sample,vsch_flexmark-java,127586,13519,5,5,5,0,10
Asher0802/mesh,weibocom_motan,61361,15296,0,0,0,0,8
ARAVINDSHERLA/Algorithms-Datastructures-williamfiset,williamfiset_Algorithms,41413,9158,26,9,26,0,6
uncleAaron/Mysite-learning,WinterChenS_my-site,6585,1906,1,0,1,0,8
leismile/docker-dss,WeBankFinTech_DataSphereStudio,80373,16059,0,0,0,0,5
zhangjian8652/wildfirechat-im-app_server,wildfirechat_im-server,118338,21693,0,0,0,0,7
litter-mumu/AppUpdate,WVector_AppUpdate,3741,1079,1,0,1,0,7
io7m-com/xyloid,xerial_sqlite-jdbc,24549,5914,0,0,0,0,2
freesopen/dwsurvey-oss-vue-jpa-security,wkeyuan_DWSurvey,35849,6479,0,0,0,0,0
itajie/springboot,wuyouzhuguli_SpringAll,19507,1581,0,0,0,0,4
songxing10000/OkSocket,xuuhaoo_OkSocket,5766,978,0,1,0,0,3
w444857815/spring-boot-demo,xkcoding_spring-boot-demo,19387,7507,11,3,11,0,7
poemp/xxl-job-pg,xuxueli_xxl-job,14597,4908,7,7,7,0,6
chaihuasong/Phoenix-PullToRefresh,Yalantis_Phoenix,986,73,0,0,0,0,6
tule/SideMenu,Yalantis_Side-Menu.Android,495,34,2,3,2,0,11
wiremock/wiremock,wiremock_wiremock,132938,23060,7197,1496,7197,30,15
NAXAM/ucrop-android-binding,Yalantis_uCrop,5841,1004,7,4,7,3,9
Gui779/HualangRecyclerView,yarolegovich_DiscreteScrollView,3831,186,0,0,0,0,7
yuye1124956/SwipeRecyclerView,yanzhenjie_SwipeRecyclerView,15546,4266,1,0,1,1,6
code2docs-ai/xpipe-io_xpipe,xpipe-io_xpipe,89696,1954,0,0,0,0,1
HookTong/EXService,yanzhenjie_AndServer,21591,7959,4,1,4,0,7
sathishmscict/Android-SpinKit,ybq_Android-SpinKit,2411,348,6,2,6,0,9
kiwisuh/WebCrawler_Test,yasserg_crawler4j,7664,2382,0,0,0,0,8
tianqiwangpai/Vital,yixia_VitamioBundle,8020,2249,0,0,0,0,13
xieyalong/yokeyword-fragmentation-Fragmentation-master,YoKeyword_Fragmentation,10661,1620,5,3,5,0,8
yacy/yacy_search_server,yacy_yacy_search_server,233128,59179,3864,474,3864,0,11
trinodb/docs.trino.io,trinodb_trino,1182480,148200,8,15,8,0,7
vespa-engine/documentation,vespa-engine_vespa,808644,109850,87,108,87,0,9
aws/aws-sdk-java,aws_aws-sdk-java,15904669,8775544,4197,2802,4197,0,16
